Sex,Age,BodyweightKg,Best3SquatKg,Best3BenchKg,Best3DeadliftKg,TotalKg,Equipment
M,30,59.6,200,142.5,207.5,550,Wraps
M,15.5,134,130,60,170,360,Raw
F,21.5,48,,72.5,,,Single-ply
M,40.5,59.4,177.5,130,185,492.5,Single-ply
M,72.5,92.22,,150,,,Single-ply
M,57.5,90.3,140,100,170,410,Single-ply
M,39.5,92.7,240,160,280,680,Raw
M,24.5,81.7,237.5,145,240,622.5,Raw
M,44,82.5,265,162.5,262.5,690,Single-ply
F,16.5,74,130,117.5,160,407.5,Single-ply
M,21.5,74.1,260,175,240,675,Single-ply
M,53.5,107.8,,170,,,Single-ply
M,57.5,97.2,147.5,150,180,477.5,Single-ply
M,25.5,74,280,230,265,775,Single-ply
M,18,64.71,202.5,125,195,522.5,Single-ply
F,15.5,51.29,155,87.5,172.5,415,Single-ply
F,17.5,51,,65,,,Single-ply
M,18.5,66.3,220,185,220,625,Single-ply
F,17.5,61.1,,90,,,Single-ply
M,60.5,100.79,200,160,265,625,Raw
M,20.5,72.3,130,115,175,420,Single-ply
M,24.5,214,315,260,280,855,Single-ply
M,50.5,65.9,,140,,,Raw
M,42.5,84.5,,,,,Single-ply
M,71,57.96,,115,,,Single-ply
F,23.5,55.9,,72.5,,,Single-ply
F,24,59,107.5,90,145,342.5,Raw
M,28.5,108.88,,355,,,Single-ply
M,59.5,82.8,,195,,,Single-ply
F,19.5,67,162.5,75,167.5,405,Single-ply
M,,51.15,117.5,85,170,372.5,Wraps
F,37.5,58.6,,130,,,Single-ply
M,40.5,102.44,280,235,,,Single-ply
M,63.5,66.7,,125,,,Single-ply
F,,90,150,67.5,150,367.5,Single-ply
M,22.5,74,255,172.5,235,662.5,Single-ply
M,19.5,65.46,,192.5,,,Single-ply
M,53.5,111.1,230,140,200,570,Single-ply
F,17.5,43.6,150,55,165,370,Single-ply
F,22.5,74.8,177.5,90,200,467.5,Single-ply
M,17,139.3,265,150,232.5,647.5,Single-ply
M,32.5,58.8,240,145,247.5,632.5,Single-ply
F,30.5,74.1,197.5,125,205,527.5,Raw
M,16.5,63.59,180,90,200,470,Raw
M,19.5,59,150,130,175,455,Single-ply
F,19.5,85.7,177.5,85,197.5,460,Single-ply
F,28.5,62.58,135,70,155,360,Raw
M,22.5,129.1,335,225,312.5,872.5,Single-ply
M,17.5,71.9,222.5,132.5,252.5,607.5,Single-ply
M,55.5,73.2,205,137.5,215,557.5,Single-ply
M,28,124.1,357.5,275,327.5,960,Single-ply
M,,59.7,180,127.5,195,502.5,Single-ply
F,43.5,114.2,,165,,,Single-ply
M,17.5,109,290,187.5,272.5,750,Single-ply
F,19.5,55.34,115,82.5,127.5,325,Single-ply
M,45.5,67.5,225,165,250,640,Single-ply
F,27.5,81.88,210,152.5,205,567.5,Single-ply
M,28.5,74.55,275,175,312.5,762.5,Single-ply
M,27.5,105,,320,,,Single-ply
M,42,119,,,,,Single-ply
F,41.5,89.15,,142.5,,,Single-ply
F,19.5,51.4,,,,,Single-ply
F,,60,,75,,,Single-ply
M,22.5,92.07,245,155,270,670,Raw
F,25.5,73,,,,,Single-ply
M,43.5,89.6,,205,,,Single-ply
F,24,65.4,182.5,130,192.5,505,Single-ply
M,16.5,57.2,187.5,92.5,200,480,Single-ply
F,39.5,66.9,175,85,195,455,Single-ply
M,33.5,109.5,335,230,345,910,Single-ply
M,,90,310,195,307.5,812.5,Single-ply
F,23,46.7,152.5,110,167.5,430,Single-ply
M,31.5,82.1,307.5,157.5,300,765,Single-ply
F,22.5,66.1,225,125,217.5,567.5,Single-ply
M,37.5,73.5,,195,,,Single-ply
M,71.5,117.74,130,135,160,425,Single-ply
F,20.5,55.9,147.5,82.5,155,385,Single-ply
M,23.5,67.4,255,127.5,252.5,635,Single-ply
F,46.5,74.4,,135,,,Single-ply
M,55.5,102.9,,210,,,Single-ply
M,37.5,107.5,275,217.5,305,797.5,Single-ply
M,28.5,98,310,215,270,795,Single-ply
M,47.5,59.2,185,115,220,520,Single-ply
M,39.5,92.45,225,277.5,230,732.5,Single-ply
M,20.5,56,190,92.5,222.5,505,Single-ply
M,32,74.4,,242.5,,,Single-ply
M,22.5,72.85,225,125,250,600,Raw
F,41.5,51.6,,115,,,Single-ply
M,15.5,57.84,,,,,Single-ply
M,26.5,108.9,,,,,Single-ply
F,22.5,104.03,260,170,225,655,Single-ply
M,44.5,92.5,280,182.5,275,737.5,Single-ply
M,23,73.95,297.5,192.5,275,765,Single-ply
M,69.5,81.2,,140,,,Single-ply
M,44,92.96,,,,,Raw
M,43.5,104.75,,252.5,,,Single-ply
M,25.5,99.32,350,210,310,870,Single-ply
M,38.5,81.9,,205,,,Single-ply
F,25.5,52,,77.5,,,Single-ply
M,36.5,73.65,235,160,291,686,Raw
M,26.5,65.66,,145,,,Raw
F,37.5,65.1,160,110,185,455,Single-ply
F,23.5,71.14,237.5,,215,,Single-ply
F,25.5,74.9,215,110,212.5,537.5,Single-ply
F,27,68.85,122.5,65,160,347.5,Raw
M,17.5,80.52,,160,,,Single-ply
M,23.5,60,182.5,102.5,205,490,Single-ply
F,29.5,66.99,,120,,,Raw
M,43.5,67,210,157.5,227.5,595,Single-ply
M,29.5,160,300,185,340,825,Raw
M,17.5,144.41,360.5,262.5,285,908,Single-ply
M,50.5,92.36,,180,,,Single-ply
M,48.5,92.1,,,,,Single-ply
F,57.5,62.1,,62.5,,,Raw
M,22.5,129.32,425,260,,,Single-ply
F,23.5,50.52,137.5,75,185,397.5,Raw
M,,100,,160,,,Single-ply
M,34.5,65.6,185,120,230,535,Raw
M,39.5,80.6,,,,,Single-ply
M,26.5,89.5,280,172.5,292.5,745,Single-ply
F,,74.5,177.5,102.5,207.5,487.5,Single-ply
M,21.5,119.43,357.5,292.5,315,965,Single-ply
M,50.5,73.5,,157.5,,,Single-ply
M,16.5,55.15,130,90,182.5,402.5,Single-ply
M,25.5,124.3,395,220,365,980,Single-ply
M,50,100.2,,195,,,Single-ply
F,61.5,62.3,,97.5,,,Single-ply
M,17.5,74.08,175,115,200,490,Single-ply
M,26.5,108.9,,235,,,Single-ply
M,48.5,72.3,205,122.5,240,567.5,Single-ply
M,32.5,64.34,,160,,,Raw
M,44.5,97.3,230,145,240,615,Single-ply
M,24.5,73.05,,,,,Single-ply
M,43.5,78,,175,,,Single-ply
M,18.5,85.1,,220,,,Single-ply
M,25.5,51.7,185,125,215,525,Single-ply
F,16,44.82,82.5,45,117.5,245,Single-ply
F,21.5,46.2,92.5,57.5,135,285,Raw
M,17.5,50.7,,100,,,Single-ply
M,27.5,82.68,362.5,232.5,290,885,Single-ply
M,39.5,82.3,205,160,,,Raw
M,23,103.4,260,155,290,705,Single-ply
M,32.5,81.5,260,195,270,725,Single-ply
M,26,65.38,180,130,220,530,Raw
M,22.5,81.3,305,185,307.5,797.5,Single-ply
M,17.5,95,220,105,245,570,Raw
F,22.5,66.7,215,152.5,205,572.5,Single-ply
M,61.5,93.7,210,127.5,210,547.5,Single-ply
M,29,97.65,287.5,195,340,822.5,Wraps
M,46,145.05,,327.5,,,Single-ply
M,46.5,115.36,285,222.5,245,752.5,Single-ply
M,48,59.3,165,100,190,455,Single-ply
M,22.5,88.53,195,147.5,215,557.5,Raw
F,17.5,60.28,,90,,,Single-ply
M,69.5,92.16,,167.5,,,Single-ply
F,15.5,105.59,172.5,55,145,372.5,Single-ply
M,40.5,107.7,,180,,,Single-ply
M,44.5,67.3,,,,,Single-ply
M,22.5,58.08,265,172.5,263,700.5,Single-ply
M,26.5,59.74,,167.5,,,Single-ply
M,29.5,67.5,,157.5,,,Single-ply
F,39.5,51.4,147.5,85,145,377.5,Single-ply
M,52.5,99.1,235,190,240,665,Single-ply
M,29.5,65.15,205,172.5,255,632.5,Raw
M,30.5,150,,400,,,Single-ply
M,32.5,99.1,,,,,Single-ply
M,26.5,90,,195,,,Single-ply
M,49.5,79.35,165,105,205,475,Raw
M,70,110.4,155,105,230,490,Raw
M,21.5,117.55,,250,,,Single-ply
M,,59.9,162.5,110,185,457.5,Single-ply
M,19.5,79.9,290,192.5,287.5,770,Single-ply
M,57.5,103.15,100,75,125,300,Single-ply
F,17.5,70.19,150,92.5,160,402.5,Single-ply
F,34.5,119.55,,122.5,,,Single-ply
M,27.5,54,,100,,,Single-ply
M,46.5,173.85,,217.5,,,Raw
F,60.5,76.82,,80,,,Single-ply
M,34,116.3,335,170,327.5,832.5,Single-ply
M,51.5,105.39,270,175,245,690,Single-ply
M,71,91.27,175,137,210,522,Raw
M,38,59.7,250,150,255,655,Single-ply
F,20.5,80.25,,107.5,,,Single-ply
M,,123.4,320,205,285,810,Single-ply
M,27,100,,,,,Single-ply
M,52.5,88.2,,147.5,,,Single-ply
M,29.5,67.5,257.5,150,282.5,690,Single-ply
M,55,74.3,200,100,240,540,Single-ply
M,21.5,99.6,250,132.5,247.5,630,Single-ply
M,61.5,95.2,,125,,,Raw
M,51.5,107.6,222.5,185,220,627.5,Single-ply
M,55.5,82.21,,132.5,,,Raw
M,23.5,145.5,377.5,232.5,337.5,947.5,Single-ply
F,54.5,75.5,172.5,105,177.5,455,Single-ply
F,,59.65,100,77.5,135,312.5,Single-ply
M,,59.85,,,,,Single-ply
F,50.5,74.34,165,100,160,425,Single-ply
M,29.5,95.6,,150,,,Single-ply
M,39.5,92.02,235,170,272.5,677.5,Raw
F,16,51.24,110,62.5,120,292.5,Single-ply
M,27.5,54.8,,122.5,,,Raw
M,66.5,65,,152.5,,,Single-ply
M,52.5,102.5,265,137.5,230,632.5,Single-ply
M,40,74.8,,200,,,Single-ply
M,32,99.8,410,240,350,1000,Single-ply
M,,75,245,140,250,635,Single-ply
M,19.5,80.9,280,170,260,710,Single-ply
M,44.5,81.5,290,187.5,305,782.5,Single-ply
M,38.5,116.88,,270,,,Single-ply
M,56.5,125.9,,140,,,Single-ply
F,45.5,58.55,115,67.5,135,317.5,Single-ply
M,45.5,116.5,,210,,,Raw
F,20.5,65.95,207.5,92.5,225,525,Single-ply
M,33.5,89,360,242.5,340,942.5,Single-ply
M,23,88.7,295,,,,Single-ply
F,21.5,46.3,,82.5,,,Single-ply
M,18,53.4,160,,190,,Single-ply
M,49.5,135.78,,185,,,Raw
M,17.5,80.9,,190,,,Single-ply
M,40.5,64.7,170,110,200,480,Raw
M,44.5,73.5,220,187.5,220,627.5,Single-ply
M,19.5,80.4,270,167.5,270,707.5,Single-ply
F,34,67,235,125,230,590,Single-ply
M,31.5,119,,250,,,Single-ply
M,28.5,89.5,325,172.5,315,812.5,Single-ply
M,31.5,89.5,320,190,310,820,Single-ply
F,20.5,55.28,170,102.5,157.5,430,Single-ply
M,41.5,109,,275,,,Single-ply
M,23,153.5,340,257.5,295,892.5,Single-ply
M,66.5,98.5,,140,,,Single-ply
F,29.5,49.74,172.5,77.5,185,435,Single-ply
M,72.5,86.22,157.5,97.5,170,425,Raw
M,22.5,92.44,322.5,210,297.5,830,Single-ply
M,40.5,101,240,145,230,615,Single-ply
M,39.5,82.12,,152.5,,,Single-ply
M,59.5,127.89,260,220,220,700,Single-ply
M,30.5,104.27,350,247.5,330,927.5,Single-ply
M,,90,300,157.5,315,772.5,Single-ply
M,34.5,169.05,445,270,340,1055,Single-ply
F,20.5,71.25,165,80,182.5,427.5,Raw
M,46.5,100.34,,210,,,Raw
M,59.5,91.95,220,180,242.5,642.5,Single-ply
F,56.5,55,,90,,,Single-ply
F,31.5,59.9,205,117.5,175,497.5,Single-ply
F,,75,157.5,80,165,402.5,Single-ply
M,70.5,81.5,,115,,,Raw
M,45.5,131.77,,205,,,Raw
F,23.5,83.58,247.5,160,195,602.5,Single-ply
M,31.5,71.3,,150,,,Raw
F,36.5,122.3,,,,,Single-ply
M,52.5,81.76,,190,,,Single-ply
M,34.5,103.1,317.5,221,315,853.5,Raw
F,36.5,51.84,218,100,180,498,Single-ply
F,22.5,105.05,145,57.5,150,352.5,Raw
M,47.5,59.54,,145,,,Single-ply
M,48.5,163.37,,300,,,Single-ply
M,40.5,124,360,205,325,890,Single-ply
M,21.5,125,,,,,Single-ply
M,35.5,92.36,182.5,137.5,230,550,Raw
M,22.5,143.5,,262.5,,,Single-ply
M,51.5,87.9,,187.5,,,Single-ply
F,42.5,62.2,150,62.5,160,372.5,Raw
F,40.5,51.95,,92.5,,,Single-ply
M,22,82.02,,180,,,Single-ply
M,,74.7,210,117.5,240,567.5,Single-ply
M,44.5,76.6,,125,,,Single-ply
M,20.5,89.6,300,180,337.5,817.5,Single-ply
M,20.5,101.9,,180,,,Single-ply
M,19.5,59.9,252.5,155,230,637.5,Single-ply
F,21.5,56.5,125,82.5,165,372.5,Single-ply
M,28.5,104.92,,325,,,Single-ply
M,42.5,90.75,220,,190,,Raw
M,22.5,55.8,,152.5,,,Raw
F,36.5,104.1,232.5,162.5,205,600,Single-ply
F,22,51.5,,82.5,,,Single-ply
M,43.5,104.44,160,150,265,575,Single-ply
M,35.5,80.18,335,212.5,312.5,860,Single-ply
M,42.5,91.13,,272.5,,,Single-ply
M,52.5,64.88,152.5,110,200,462.5,Raw
F,43.5,74.55,227.5,132.5,220,580,Single-ply
M,36.5,116.5,,140,,,Raw
M,26.5,73.9,,167.5,,,Single-ply
M,58.5,60,155,77.5,205,437.5,Single-ply
M,59.5,147.6,190,160,227.5,577.5,Single-ply
F,20.5,42.4,110,47.5,122.5,280,Single-ply
M,22.5,74.5,255,172.5,285,712.5,Single-ply
M,17.5,73.14,,187.5,,,Single-ply
M,35.5,98.8,,270,,,Single-ply
F,21.5,81.5,,127.5,,,Single-ply
M,17.5,92.15,290,210,252.5,752.5,Single-ply
F,15.5,54.1,120,70,120,310,Single-ply
M,22.5,82.47,,220,,,Single-ply
M,21.5,101,,272.5,,,Single-ply
M,44.5,66.2,190,125,205,520,Single-ply
M,55.5,84.8,,,,,Single-ply
F,51.5,106.95,172.5,107.5,175,455,Raw
M,62.5,73.7,195,115,225,535,Single-ply
M,44.5,74.9,240,130,242.5,612.5,Single-ply
F,14,45.6,125,67.5,127.5,320,Single-ply
M,43,122.1,292.5,227.5,287.5,807.5,Single-ply
M,21.5,82.1,250,135,100,485,Single-ply
M,62.5,65.21,,107.5,,,Single-ply
M,43.5,135.4,,290,,,Single-ply
M,17.5,66.2,207.5,,,,Single-ply
M,45.5,73.3,205,135,260,600,Raw
M,44.5,73.95,255,175,260,690,Single-ply
F,16.5,51.54,105,55,122.5,282.5,Raw
M,23.5,124.1,330,195,310,835,Single-ply
M,53.5,124.2,245,215,240,700,Single-ply
F,19.5,67.5,142.5,65,147.5,355,Single-ply
F,46.5,55.82,165,107.5,165,437.5,Single-ply
M,30.5,74.8,262.5,137.5,272.5,672.5,Single-ply
M,17.5,80.1,,172.5,,,Single-ply
M,37.5,58.64,180,135,215,530,Raw
M,,82.5,192.5,115,215,522.5,Single-ply
F,22,41.9,105,62.5,146,313.5,Raw
M,40,149.8,,202.5,,,Single-ply
F,32.5,62.6,212.5,135,187.5,535,Single-ply
M,21.5,59.65,,130,160,,Single-ply
M,44.5,73.3,,147.5,,,Single-ply
M,27.5,65.31,,160,,,Raw
M,73.5,73.12,,115,,,Single-ply
F,29.5,66.2,192.5,90,207.5,490,Single-ply
M,21.5,98.5,295,207.5,300,802.5,Single-ply
M,45.5,74.7,225,137.5,232.5,595,Single-ply
F,42.5,47.7,105,75,125,305,Single-ply
F,55.5,58.24,,85,,,Raw
M,17.5,86.21,180,135,250,565,Single-ply
M,48.5,87.9,210,180,150,540,Single-ply
F,19.5,68.2,185,100,,,Single-ply
M,45,115.8,285,177.5,305,767.5,Raw
F,39.5,75.2,222.5,105,197.5,525,Single-ply
F,26.5,62.8,220,152.5,197.5,570,Single-ply
M,44.5,92.46,220,135,230,585,Raw
M,43.5,128.6,340,250,270,860,Single-ply
M,17.5,55.85,220,127.5,212.5,560,Single-ply
M,,110,255,172.5,250,677.5,Single-ply
M,28.5,74.6,290,120,280,690,Single-ply
F,53.5,46.2,82.5,45,112.5,240,Single-ply
F,61.5,76.71,160,120,150,430,Single-ply
M,54.5,104.2,,,,,Single-ply
F,20,92.8,,102.5,,,Single-ply
F,24.5,59,,120,,,Single-ply
F,19.5,53.26,140,80,120,340,Single-ply
M,29.5,81.62,227.5,125,225,577.5,Raw
F,17.5,56.7,125,85,145,355,Single-ply
M,23,102.54,,177.5,,,Raw
M,45.5,73.48,,202.5,,,Single-ply
M,22,92.7,327.5,257.5,,,Single-ply
F,21.5,47.9,110,55,125,290,Single-ply
F,17.5,79.2,,102.5,,,Single-ply
M,32.5,74.7,,202.5,,,Single-ply
M,63.5,103.9,,165,,,Single-ply
F,59.5,46.45,,50,,,Raw
F,46.5,105.68,,122.5,,,Raw
F,24.5,66.4,125,85,170,380,Single-ply
M,21.5,89.7,215,122.5,267.5,605,Single-ply
M,73.5,87.8,,127.5,,,Raw
F,31.5,75.6,,142.5,,,Single-ply
M,45.5,73.88,182.5,152.5,195,530,Raw
M,51.5,73.8,160,100,205,465,Single-ply
M,,125,,,,,Single-ply
M,20.5,126.6,295,125,295,715,Single-ply
F,40.5,61.2,,55,,,Raw
M,32.5,144.5,402.5,232.5,337.5,972.5,Single-ply
M,27.5,75,262.5,192.5,252.5,707.5,Single-ply
M,39.5,81.2,235,167.5,255,657.5,Single-ply
F,16.5,62.75,100,67.5,150,317.5,Raw
M,41.5,105.25,,,,,Single-ply
M,29,92.4,285,215,300,800,Single-ply
F,27.5,75.3,197.5,95,180,472.5,Single-ply
M,21.5,67.5,230,122.5,230,582.5,Single-ply
F,21.5,81.2,150,97.5,160,407.5,Raw
M,,89.7,270,192.5,302.5,765,Single-ply
F,50.5,47.65,135.5,75,150,360.5,Single-ply
F,24.5,61.79,145,75,152.5,372.5,Raw
M,27.5,92.06,380,287.5,350,1017.5,Single-ply
M,23.5,102,,92.5,,,Raw
M,40.5,109.6,,245,,,Single-ply
F,38.5,45.99,122.5,75,140,337.5,Single-ply
M,26.5,104.6,330,220,340,890,Single-ply
M,52.5,83.6,185,100,185,470,Single-ply
F,17.5,92.4,195,127.5,190,512.5,Single-ply
M,32.5,59.7,225,140,240,605,Single-ply
M,63.5,59.5,,85,,,Single-ply
M,30.5,129.56,307.5,190,345,842.5,Raw
F,30.5,66.6,,85,,,Single-ply
M,20.5,65.05,205,112.5,215,532.5,Raw
M,27.5,74.5,245,120,260,625,Single-ply
F,21.5,70.04,,75,,,Raw
M,43.5,55.3,,110,175,,Single-ply
M,19.5,57,,142.5,,,Single-ply
M,43,99.88,242.5,185,255,682.5,Single-ply
M,32.5,125.54,,,,,Single-ply
M,55.5,72.7,220,97.5,235,552.5,Single-ply
M,24.5,117.78,,,,,Single-ply
F,54.5,53.85,115,85,130,330,Single-ply
F,37.5,55.4,,82.5,,,Single-ply
F,56.5,136.6,,120,,,Single-ply
M,25.5,90,292.5,175,280,747.5,Single-ply
M,29.5,74.5,255,152.5,260,667.5,Single-ply
M,38.5,81.9,,247.5,,,Single-ply
M,47.5,65.84,,102.5,,,Single-ply
F,,67.5,145,75,,,Single-ply
M,,52,,,,,Single-ply
F,70.5,101.86,57.5,42.5,97.5,197.5,Raw
F,49.5,83.7,120,82.5,173,375.5,Raw
F,,60,142.5,87.5,157.5,387.5,Single-ply
M,17.5,66.6,260,135,250,645,Single-ply
M,,112.8,262.5,167.5,260,690,Single-ply
M,51.5,82.44,,197.5,,,Single-ply
M,40.5,82.5,,,,,Single-ply
M,28.5,89.3,305,,337.5,,Single-ply
M,22.5,82.1,270,170,315,755,Single-ply
M,,100,250,,,,Wraps
M,,103.6,,235,,,Single-ply
M,18.5,66.85,215,187.5,210,612.5,Single-ply
M,28.5,58.95,245,162.5,232.5,640,Single-ply
F,40.5,54.9,105,57.5,132.5,295,Single-ply
M,20.5,82,,127.5,237.5,,Single-ply
M,22.5,107.8,,217.5,,,Single-ply
M,22.5,97.45,225,150,227.5,602.5,Raw
M,21.5,66.8,247.5,142.5,260,650,Single-ply
M,34.5,59.8,200,110,250,560,Single-ply
M,17.5,155.8,242.5,140,200,582.5,Single-ply
M,48.5,67.5,250,170,265,685,Single-ply
M,52.5,65.26,,130,,,Raw
M,14.5,52.3,142.5,77.5,201,421,Raw
F,28,56.63,,100,,,Raw
M,,81.7,250,135,260,645,Single-ply
M,22.5,89.85,240,190,150,580,Single-ply
F,40,66.9,160,100,185,445,Single-ply
M,55.5,86.5,215,155,232.5,602.5,Single-ply
M,64.5,81.76,187.5,117.5,227.5,532.5,Single-ply
M,39.5,81.65,250,155,280,685,Single-ply
M,22.5,108.1,300,170,220,690,Single-ply
M,39.5,67,217.5,122.5,230,570,Single-ply
M,53.5,104.42,237.5,187.5,215,640,Single-ply
M,54.5,66.3,,147.5,,,Single-ply
F,35.5,43.6,140,62.5,147.5,350,Single-ply
F,21.5,50.2,,77.5,,,Raw
M,40.5,89.3,262.5,177.5,292.5,732.5,Single-ply
M,32.5,73.7,,137.5,,,Raw
F,26.5,78,165,92.5,170,427.5,Single-ply
M,44.5,110,250,155,295,700,Single-ply
M,54.5,99,,162.5,,,Single-ply
F,22,65.3,195,97.5,187.5,480,Single-ply
F,27.5,71.04,222.5,127.5,200,550,Single-ply
F,17.5,70.15,157.5,87.5,155,400,Raw
M,42,67.2,265,185,225,675,Single-ply
M,63.5,91.66,,132.5,,,Raw
M,58,97.58,250,172.5,272.5,695,Single-ply
M,22.5,59.5,162.5,140,172.5,475,Single-ply
F,50.5,56.04,140,80,157.5,377.5,Single-ply
M,30.5,81.7,,222.5,,,Single-ply
M,17.5,89.38,282.5,190,252.5,725,Single-ply
M,33.5,81.95,210,165,280,655,Raw
M,59.5,65.57,192.5,112.5,200,505,Single-ply
F,20.5,136.08,195,90,182.5,467.5,Raw
M,22.5,81.6,235,183,245,663,Raw
F,23.5,47.7,142.5,75,140,357.5,Single-ply
M,21.5,121.1,307.5,202.5,300,810,Single-ply
F,34.5,90.6,,92.5,,,Single-ply
F,21.5,55.4,,102.5,,,Single-ply
M,60.5,93,,170,,,Single-ply
M,43.5,74.3,,140,,,Single-ply
F,20.5,46.57,130,65,120,315,Single-ply
M,22,90.36,280,190,285,755,Single-ply
M,44.5,82.4,225,182.5,267.5,675,Single-ply
M,16.5,54.4,127.5,90,145,362.5,Single-ply
M,59.5,80.62,,147.5,,,Raw
F,66.5,46.37,,25,,,Raw
F,16.5,62.24,135,75,155,365,Raw
F,42.5,43.8,140,65,157.5,362.5,Single-ply
F,25.5,66.8,192.5,95,185,472.5,Single-ply
F,42,46.14,,57.5,102.5,,Raw
M,63.5,103.65,277.5,140,237.5,655,Single-ply
F,67.5,50.54,,40,,,Single-ply
M,24.5,65.43,182.5,110,210,502.5,Raw
M,17.5,81.3,292.5,170,302.5,765,Single-ply
F,68.5,45.75,85,42.5,117.5,245,Single-ply
M,29.5,89.8,300,205,305,810,Single-ply
M,17.5,75.8,170,100,205,475,Single-ply
M,32,104.64,310,195,270,775,Raw
F,33.5,106.85,,152.5,,,Single-ply
M,20.5,65.9,260,180,230,670,Single-ply
M,,82.5,280,162.5,277.5,720,Single-ply
F,16.5,72.7,120,67.5,167.5,355,Single-ply
F,59.5,83.8,,140,,,Single-ply
M,17.5,82.6,270,185,265,720,Single-ply
M,15.5,64.49,207.5,142.5,195,545,Single-ply
F,22.5,46.14,105,75,130,310,Raw
M,26.5,74.7,,190,,,Single-ply
F,21.5,43.9,145,80,152.5,377.5,Single-ply
M,21.5,84.8,255,162.5,265,682.5,Single-ply
F,15.5,45.17,,62.5,,,Single-ply
F,27.5,66.5,,107.5,,,Single-ply
F,39.5,66.4,,60,,,Single-ply
M,47.5,104.76,,230,,,Single-ply
M,35.5,99.5,270,192.5,280,742.5,Single-ply
F,43.5,81.62,145,80,165,390,Raw
M,50.5,73.58,225,137.5,235,597.5,Single-ply
M,54.5,110.3,250,150,250,650,Single-ply
M,29.5,148.6,,332.5,,,Single-ply
M,17.5,65.6,182.5,117.5,215,515,Single-ply
M,21.5,88.7,,,,,Single-ply
M,17.5,55,147.5,90,221,458.5,Single-ply
F,17.5,51.9,65,,,,Raw
F,15.5,51.3,127.5,72.5,150,350,Single-ply
F,23.5,59.46,,120,,,Single-ply
M,42.5,141.3,190,130,220,540,Raw
M,33.5,81.7,260,175,255,690,Single-ply
F,27.5,67,175,77.5,185,437.5,Single-ply
M,28.5,108.3,242.5,167.5,305,715,Raw
M,41,82.5,265,160,265,690,Single-ply
M,35.5,89.4,332.5,202.5,302.5,837.5,Single-ply
F,43.5,82.02,237.5,140,197.5,575,Single-ply
M,40,100.22,,210,,,Single-ply
F,18.5,64.7,125,65,135,325,Single-ply
F,21.5,55.75,127.5,87.5,147.5,362.5,Single-ply
M,17.5,72.31,250,165,250,665,Single-ply
M,54.5,102.19,,160,,,Raw
M,35.5,107.4,330,225,330,885,Single-ply
F,48,71.6,,115,,,Single-ply
M,33.5,104.67,345,225,275,845,Single-ply
M,45,89.8,300,195,280,775,Single-ply
M,71.5,74.65,,97.5,,,Single-ply
M,23.5,60,240,137.5,217.5,595,Single-ply
M,62,100.1,,187.5,,,Single-ply
M,39.5,99,315,205,267.5,787.5,Single-ply
F,52.5,62,,102.5,,,Single-ply
M,21.5,107.8,280,155,302.5,737.5,Single-ply
M,22.5,102.5,,285,,,Single-ply
M,23.5,92.25,300,205,337.5,842.5,Raw
M,42.5,81.7,,207.5,,,Single-ply
M,33.5,82.85,,292.5,,,Single-ply
M,40.5,129.5,,292.5,,,Single-ply
M,66.5,90.4,,125,,,Single-ply
F,59,83.95,,80,,,Raw
F,23,81.6,197.5,97.5,180,475,Single-ply
M,22.5,59.3,190,85,205,480,Single-ply
M,47,103,,205,,,Raw
M,54.5,81.7,,210,,,Single-ply
M,43,66.3,,175,,,Single-ply
M,56.5,129.11,247.5,177.5,270,695,Raw
F,22.5,58.9,155,85,147.5,387.5,Single-ply
M,49.5,89.66,227.5,155,237.5,620,Single-ply
M,24,100,305,175,330,810,Single-ply
F,16.5,62.18,207.5,132.5,165,505,Single-ply
M,56.5,96.9,210,110,247.5,567.5,Single-ply
M,30.5,59.6,250,142.5,250,642.5,Single-ply
M,49.5,100.1,252.5,135,275,662.5,Single-ply
M,,67.5,252.5,130,257.5,640,Single-ply
M,25.5,55.8,257.5,175,140,572.5,Single-ply
F,37.5,43.4,,80,,,Single-ply
M,27.5,89.33,,257.5,,,Single-ply
M,55,82.2,252.5,100,245,597.5,Single-ply
M,25,66,,200,,,Single-ply
M,74.5,141.55,,202.5,,,Single-ply
M,52.5,75,180,120,200,500,Single-ply
M,36.5,81,240,140,280,660,Single-ply
F,76.5,68.8,,40,,,Raw
M,17.5,55.4,145,90,175,410,Single-ply
F,40,55.6,165,117.5,177.5,460,Single-ply
M,41.5,72.26,232.5,147.5,,,Single-ply
M,55.5,75,202.5,120,225,547.5,Single-ply
M,39.5,142.1,,210,,,Single-ply
M,51,92.47,,,,,Single-ply
M,33.5,118.85,337.5,225,342.5,905,Raw
F,22.5,62.84,,125,,,Single-ply
M,38,90,375,195,307.5,877.5,Single-ply
M,,110,292.5,190,310,792.5,Single-ply
M,24.5,66.4,262.5,187.5,255,705,Single-ply
F,26.5,69.44,190,122.5,165,477.5,Single-ply
M,70,87,200,105,235,540,Single-ply
F,38.5,45.84,102.5,62.5,125,290,Raw
M,27.5,93,340,270,252.5,862.5,Single-ply
F,21.5,75,,155.5,,,Single-ply
F,21.5,47.2,,110,,,Single-ply
M,25.5,145.32,415,330,340,1085,Single-ply
M,28.5,53.9,,125,,,Single-ply
M,25.5,52,190,117.5,180,487.5,Single-ply
M,22.5,82.96,212.5,140,240,592.5,Raw
F,28,99.8,267.5,180,242.5,690,Single-ply
M,29.5,57.03,295,185,257.5,737.5,Single-ply
M,43.5,82.3,,207.5,,,Single-ply
F,55.5,69.7,130,70,147.5,347.5,Single-ply
F,25.5,59.3,200,87.5,212.5,500,Single-ply
F,34.5,44,,72.5,,,Single-ply
M,60.5,57.7,125,112.5,127.5,365,Single-ply
M,41,89.7,325,217.5,320,862.5,Single-ply
F,20.5,59.3,135,72.5,140,347.5,Single-ply
M,23.5,119.27,,295,315,,Single-ply
F,40.5,47.55,132.5,65,135,332.5,Single-ply
M,47.5,89.6,275,180,280,735,Single-ply
F,53.5,46.42,110,55,142.5,307.5,Single-ply
M,23.5,97.2,,,,,Single-ply
M,25.5,141.3,305,215,312.5,832.5,Raw
M,22,60,190,110,227.5,527.5,Single-ply
M,19.5,56,215,130.5,235,580.5,Single-ply
M,27.5,104.66,387.5,,345,,Single-ply
M,,100,270,160,260,690,Single-ply
F,54.5,42.95,85,62.5,110,257.5,Raw
M,,60,,132.5,,,Single-ply
M,16.5,73.25,197.5,135,195,527.5,Single-ply
F,55,47.5,122.5,60,115,297.5,Single-ply
M,51.5,77.35,155,90,200,445,Raw
M,,75,180,105,190,475,Single-ply
M,21.5,81,260,130,265,655,Single-ply
F,19,43.6,152.5,67.5,160,380,Single-ply
M,47.5,147.4,,255,,,Single-ply
M,60.5,107.6,145,,185,,Single-ply
M,34.5,59.3,190,132.5,217.5,540,Single-ply
M,54.5,72.6,200,115,225,540,Single-ply
M,16.5,52.68,182.5,115,177.5,475,Single-ply
F,65.5,55.88,95,62.5,115,272.5,Single-ply
M,39.5,88.7,,,,,Single-ply
M,40.5,89.68,,265,,,Single-ply
M,41.5,66.8,,160,,,Single-ply
F,42.5,108.58,,180,,,Single-ply
M,,74.6,237.5,162.5,257.5,657.5,Single-ply
M,22.5,55.9,220,142.5,210,572.5,Single-ply
M,16.5,64.75,170,107.5,230,507.5,Raw
M,23.5,74,270,152.5,290,712.5,Single-ply
M,34.5,126.98,317.5,235,317.5,870,Single-ply
M,49.5,92.9,225,192.5,245,662.5,Single-ply
F,17.5,62.27,,70,,,Raw
M,20.5,80.4,,215,,,Single-ply
F,32.5,,257.5,127.5,237.5,622.5,Single-ply
M,17.5,79,275,172.5,265,712.5,Single-ply
M,56,63.43,150,,205,,Raw
M,27.5,119.9,392.5,310,317.5,1020,Single-ply
M,30.5,118.25,422.5,327.5,375,1125,Single-ply
M,39.5,119.27,225,175,230,630,Single-ply
M,59.5,72.6,137.5,87.5,192.5,417.5,Single-ply
F,46.5,55,,60,,,Single-ply
M,31.5,67.5,,145,,,Single-ply
M,22.5,102.07,240,150,260,650,Raw
F,20.5,57.7,165,82.5,170,417.5,Single-ply
M,28.5,104.65,290,197.5,300,787.5,Raw
M,31.5,160.25,350,290,297.5,937.5,Raw
M,18.5,144.7,297.5,167.5,282.5,747.5,Single-ply
M,33.5,88.9,275,130,240,645,Single-ply
M,62.5,97.7,,160,,,Single-ply
M,55.5,73.24,,150,,,Single-ply
F,21.5,52.05,92.5,60,120,272.5,Raw
M,25.5,89.1,,240,,,Single-ply
M,41.5,97.7,,280,,,Single-ply
F,18.5,51.6,117.5,50,135,302.5,Single-ply
M,65.5,74.7,230,135,230,595,Single-ply
F,43.5,68.4,,112.5,,,Single-ply
M,48.5,73.35,285,215,270,770,Single-ply
M,20.5,81.3,262.5,145,275,682.5,Single-ply
M,22.5,81.95,260,182.5,292.5,735,Single-ply
F,31,67.05,227.5,137.5,240,605,Single-ply
M,,90,220,110,277.5,607.5,Single-ply
F,26.5,58.4,160,95,175,430,Single-ply
M,16.5,52,180,100,,,Single-ply
F,,,,105,,,Single-ply
M,15.5,58.8,,65,,,Single-ply
F,15.5,74.14,140,72.5,152.5,365,Raw
M,17.5,106.6,302.5,185,285,772.5,Single-ply
F,76.5,51.74,,64,,,Single-ply
F,31.5,47.4,120,62.5,140,322.5,Single-ply
M,47.5,112.7,,,,,Single-ply
M,73.5,54.93,,80,,,Single-ply
M,49.5,67.5,202.5,122.5,227.5,552.5,Single-ply
F,30.5,71.72,,157.5,,,Single-ply
M,39.5,59.9,205,120,262.5,587.5,Single-ply
F,19.5,43.8,110,55,135,300,Single-ply
F,27,51.94,,137.5,,,Single-ply
M,42.5,73.62,290,210,245,745,Single-ply
M,28,109,,,,,Single-ply
M,41.5,99.1,275,200,275,750,Single-ply
M,18.5,58.84,220,155,240,615,Single-ply
M,61.5,74.9,,110,,,Single-ply
F,44,82.33,140,72.5,180,392.5,Raw
M,22.5,88.9,,,,,Single-ply
F,48.5,67.3,,70,,,Single-ply
M,44.5,104.5,,262.5,,,Single-ply
M,22.5,125.1,292.5,220,285,797.5,Single-ply
M,17.5,79.3,227.5,140,267.5,635,Single-ply
M,52.5,80.7,170,120,200,490,Single-ply
F,35.5,62.51,,110,,,Raw
M,,74.6,257.5,157.5,275,690,Single-ply
F,35.5,44,132.5,60,137.5,330,Single-ply
M,53.5,81.5,217.5,122.5,292.5,632.5,Single-ply
F,26.5,55.2,140,87.5,160,387.5,Single-ply
F,39.5,71.3,137.5,75,150,362.5,Raw
M,37.5,98.1,290,197.5,270,757.5,Single-ply
M,20,99.9,330,200,310,840,Single-ply
M,46.5,119.13,,245,,,Single-ply
M,71.5,90.35,,130,,,Single-ply
F,29,88.69,262.5,150,225,637.5,Single-ply
M,30.5,103.26,265,167.5,290,722.5,Single-ply
M,37.5,67.4,230,145,232.5,607.5,Single-ply
M,17.5,57.42,140,65,180,385,Single-ply
M,21,122.1,310,205,297.5,812.5,Single-ply
M,34.5,56,,115,,,Single-ply
M,29.5,67.5,340,190,302.5,832.5,Single-ply
F,47.5,56.1,162.5,75,177.5,415,Single-ply
M,41.5,75,205,140,267.5,612.5,Single-ply
F,16.5,70,127.5,72.5,140,340,Raw
F,21.5,48,,55,,,Raw
F,49.5,73.8,,100,,,Single-ply
M,31.5,139.7,,310,,,Single-ply
M,16.5,71.27,160,107.5,175,442.5,Raw
M,29,74.7,300,165,307.5,772.5,Single-ply
M,,89,,200,,,Single-ply
F,26.5,55.7,,80,,,Single-ply
F,20.5,76.69,100,47.5,95,242.5,Raw
F,44.5,56,,67.5,,,Single-ply
M,47.5,74.1,,200,,,Single-ply
F,18.5,59.2,,95,,,Single-ply
M,45.5,82,227.5,157.5,307.5,692.5,Single-ply
F,29.5,59.5,210,122.5,192.5,525,Single-ply
M,41.5,110.5,290,170,280,740,Single-ply
F,33.5,47.55,,75,,,Single-ply
F,20.5,74.2,210,140,215,565,Single-ply
F,22.5,73.6,,110,,,Single-ply
F,20.5,79.5,,,,,Single-ply
M,20.5,104.26,262.5,165,290,717.5,Raw
M,41.5,108.8,265,180,305,750,Single-ply
M,17.5,146.69,260,100,265,625,Single-ply
M,18.5,54.2,175,135,200,510,Single-ply
M,23.5,124.1,342.5,195,350,887.5,Single-ply
M,16.5,51.7,135,82.5,167.5,385,Single-ply
M,33.5,99.64,315,220,320,855,Single-ply
M,27.5,119.05,310,190,340,840,Raw
M,67.5,66.8,,97.5,,,Single-ply
M,21.5,66.12,,125,,,Single-ply
M,20.5,129.1,317.5,190,300,807.5,Single-ply
F,18.5,46.05,90,57.5,135,282.5,Raw
M,35.5,65.76,,167.5,,,Raw
F,39.5,107.37,255,177.5,217.5,650,Single-ply
M,17.5,81.6,290,170,272.5,732.5,Single-ply
M,,75,290,165,262.5,717.5,Wraps
M,67.5,98,,147.5,,,Single-ply
M,46.5,81.3,,217.5,,,Single-ply
F,32.5,82.5,,87.5,,,Single-ply
M,47.5,73.07,,140,,,Single-ply
M,49.5,108.55,210,167.5,252.5,630,Raw
M,17.5,59.6,,155,137.5,,Single-ply
F,34.5,54.7,,97.5,,,Single-ply
F,22.5,61.2,152.5,75,167.5,395,Raw
M,,60,160,102.5,175,437.5,Single-ply
M,43.5,73.8,220,152.5,247.5,620,Raw
M,17.5,125.88,285,155,280,720,Raw
M,28.5,109.55,285,205,290,780,Single-ply
M,,88.8,300,210,305,815,Single-ply
M,18.5,74.4,185,100,180,465,Single-ply
M,47,108.55,265,175,292.5,732.5,Single-ply
F,45.5,80.26,127.5,70,147.5,345,Raw
F,56,51.29,132.5,87.5,135,355,Single-ply
M,22.5,50.7,190,92.5,100,382.5,Single-ply
M,25.5,90,300,195,290,785,Single-ply
M,56.5,59.4,110,70,170,350,Single-ply
M,36.5,103.79,305,187.5,330,822.5,Raw
F,20.5,72.83,137.5,82.5,137.5,357.5,Raw
M,22.5,145.05,340,225,335,900,Raw
M,30.5,92.36,,310,,,Single-ply
M,41.5,118.3,300,165,295,760,Single-ply
F,19.5,88.4,,120,,,Single-ply
M,17.5,91.6,220,125,250,595,Raw
F,72.5,55.76,55,35,87.5,177.5,Single-ply
M,34.5,74.3,220,140,240,600,Single-ply
M,35.5,59.6,237.5,147.5,250,635,Single-ply
M,47,105.9,315,170,310,795,Single-ply
F,17.5,60,192.5,100,175,467.5,Single-ply
M,,110,270,160,265,695,Single-ply
M,53.5,85.9,215,110,212.5,537.5,Single-ply
F,52,61.8,,77.5,,,Single-ply
M,40.5,89.63,,187.5,280,,Single-ply
M,33.5,111.9,,220,,,Single-ply
M,28.5,65.74,,157.5,,,Raw
F,40.5,46.75,,75,,,Raw
F,16.5,55.2,157.5,90,162.5,410,Single-ply
F,30.5,51.1,150,62.5,170,382.5,Single-ply
F,19.5,52,100,65,135,300,Single-ply
F,34.5,102.49,,,,,Single-ply
M,,55.8,,125,,,Single-ply
M,39.5,88.4,260,160,280,700,Single-ply
F,17.5,84.9,135,47.5,137.5,320,Single-ply
M,,109.8,315,217.5,297.5,830,Single-ply
M,19.5,89.3,285,185,260,730,Single-ply
F,21.5,47.2,145,85,170,400,Single-ply
M,51.5,74.4,255,145,270,670,Single-ply
F,49,51.42,,87.5,142.5,,Single-ply
M,22.5,67.5,225,152.5,,,Single-ply
M,53.5,57.21,110,72.5,162.5,345,Raw
F,18.5,151.87,150,62.5,160,372.5,Raw
F,14.5,55.79,127.5,72.5,122.5,322.5,Raw
M,61.5,102.2,,190,,,Single-ply
M,,52,,,,,Single-ply
M,64.5,128.1,200,125,212.5,537.5,Single-ply
F,48.5,56.53,,100,,,Single-ply
M,17.5,82.76,270,180,240,690,Single-ply
F,28.5,62.9,165,105,185,455,Single-ply
M,45.5,65.74,260,102.5,235,597.5,Single-ply
F,32.5,69.88,,70,170,,Single-ply
M,18.5,73.3,235,130,230,595,Single-ply
F,39.5,45.66,122.5,60,137.5,320,Raw
M,66.5,101.4,115,120,135,370,Single-ply
F,19.5,62.52,130,100,142.5,372.5,Single-ply
F,51.5,55.1,,100,,,Single-ply
M,44.5,104,,,,,Single-ply
F,53.5,42.15,72.5,40,110,222.5,Raw
M,29.5,103.26,292.5,190,300,782.5,Raw
M,22.5,80.3,245,160,,,Single-ply
M,72.5,92.34,,,,,Single-ply
F,28.5,89.99,,135,,,Single-ply
F,45.5,60,152.5,70,170,392.5,Single-ply
M,42.5,129.09,,292.5,,,Single-ply
M,,59.7,265,205,200,670,Single-ply
M,38.5,92.82,,,,,Single-ply
M,20.5,73.6,215,135,250,600,Raw
F,62.5,60.69,130,85,150.5,365.5,Single-ply
M,41.5,88.2,,170,,,Single-ply
M,50.5,74.5,,140,,,Single-ply
M,23.5,141,322.5,277.5,305,905,Single-ply
M,33.5,81.3,300,200,280,780,Single-ply
M,,110,165,95,175,435,Single-ply
M,20.5,81.5,332.5,210,280,822.5,Single-ply
M,22.5,74.1,242.5,135,230,607.5,Single-ply
M,19.5,75,245,170,250,665,Single-ply
M,21.5,73.88,215,150,257.5,622.5,Raw
M,42.5,116.4,,270,,,Single-ply
M,49.5,55.2,152.5,112.5,187.5,452.5,Single-ply
M,60.5,100.15,230,200,220,650,Raw
M,43.5,100,290,185,,,Single-ply
M,36.5,144.9,,,,,Single-ply
M,21,70,215,120,232.5,567.5,Single-ply
F,15.5,67.48,130,72.5,147.5,350,Single-ply
M,26.5,107.1,317.5,212.5,282.5,812.5,Single-ply
M,49.5,116.4,,260,,,Single-ply
M,64.5,125.2,250,190,220,660,Single-ply
M,29.5,105.7,220,140,260,620,Single-ply
M,30.5,64.89,242.5,140,250,632.5,Single-ply
M,,109.6,262.5,157.5,245,665,Single-ply
M,19.5,110,275,175,235,685,Single-ply
M,60.5,57.7,,105,,,Single-ply
M,22.5,91.99,282.5,147.5,285,715,Single-ply
F,35.5,43.3,115,80,112.5,307.5,Single-ply
F,50.5,55.9,,95,,,Single-ply
M,46.5,65.54,,190,,,Single-ply
M,42.5,67,90,100,150,340,Single-ply
M,44.5,86.7,,205,,,Single-ply
F,22.5,82.05,,135,,,Single-ply
F,22.5,54.9,120,60,110,290,Single-ply
F,44.5,51.4,,87.5,,,Raw
M,,74.6,200,130,220,550,Single-ply
F,31.5,50.82,165,82.5,187.5,435,Single-ply
M,17.5,52.6,,120,,,Single-ply
F,85.5,50.02,,30,,,Single-ply
M,19.5,71.04,210,145,205,560,Single-ply
M,55.5,87.2,,200,,,Single-ply
M,32,176.15,,125,,,Raw
M,33.5,99.3,,,,,Single-ply
M,21,125,340,182.5,302.5,825,Single-ply
M,39.5,67.34,247.5,147.5,275,670,Single-ply
M,23.5,200,280,260,280,820,Single-ply
M,46.5,185.65,,287.5,,,Single-ply
F,15.5,56.9,150,65,135,350,Single-ply
F,20.5,51,117.5,80,150,347.5,Raw
M,22.5,81.7,,240,,,Single-ply
M,21.5,74.6,230,135,240,605,Single-ply
M,30.5,136.14,,190,,,Single-ply
M,39.5,82.14,,185,,,Raw
F,22.5,58.2,120,65,145,330,Single-ply
F,16.5,47.9,100,52.5,127.5,280,Single-ply
F,16.5,70.32,,85,,,Single-ply
M,41.5,119.7,262.5,190,300,752.5,Raw
F,39.5,43.7,,83,,,Single-ply
F,44.5,47.4,,102.5,,,Single-ply
M,21.5,127.5,260,110,220,590,Single-ply
M,22.5,89.88,320,,,,Single-ply
F,43.5,61.73,,60,,,Raw
M,40,115.3,295,180,275,750,Single-ply
M,51.5,113.5,245,160,255,660,Single-ply
F,17,54.75,130,75,137.5,342.5,Single-ply
M,66.5,82.94,147.5,117.5,185,450,Single-ply
M,20.5,73.55,202.5,167.5,205,575,Raw
M,49.5,137.2,260,180,320.5,760.5,Single-ply
M,27.5,59.6,,180,,,Raw
M,,60,170,65,200,435,Single-ply
M,28.5,155.7,347.5,230,320,897.5,Raw
F,26.5,55.75,202.5,127.5,190,520,Single-ply
M,19.5,82.92,240,135,260,635,Raw
F,20.5,81.6,160,92.5,190,442.5,Single-ply
F,,58.7,130,95,135,360,Single-ply
F,57,49.6,,72.5,,,Single-ply
M,25.5,82.5,,192.5,,,Single-ply
M,,89.3,280,150,300,730,Single-ply
M,24.5,87.4,265,130,270,665,Single-ply
M,21.5,51.69,170,130,180,480,Single-ply
F,24.5,51.4,197.5,117.5,185,500,Single-ply
M,36.5,91.6,,180,,,Raw
M,30.5,103.3,,250,,,Single-ply
F,24,70.38,,105,,,Single-ply
M,28.5,101.21,230,135,260,625,Single-ply
M,54,98.8,,205,,,Single-ply
F,16.5,60,197.5,92.5,185,475,Single-ply
M,22.5,73.68,190,122.5,232.5,545,Single-ply
M,59.5,73.88,232.5,147.5,220,600,Single-ply
F,24.5,55.64,167.5,77.5,160,405,Single-ply
M,24.5,81.5,275,202.5,297.5,775,Single-ply
F,30.5,103.29,127.5,72.5,135,335,Raw
M,19.5,52.25,180,115,190,485,Single-ply
M,39,136.4,347.5,247.5,347.5,942.5,Single-ply
M,43.5,67.3,225,142.5,220,587.5,Single-ply
M,51.5,80.1,220,145,260,625,Single-ply
M,51,104.46,265,170,225,660,Single-ply
M,19.5,72.8,202.5,135,242.5,580,Raw
M,16.5,57.8,102.5,70,122.5,295,Raw
M,42.5,75,190,130,190,510,Single-ply
M,26.5,71.58,225,137.5,257.5,620,Raw
F,32.5,66.6,210,120,,,Single-ply
M,51.5,81.2,175,117.5,197.5,490,Single-ply
M,49.5,101.85,280,212.5,282.5,775,Single-ply
M,41,116.2,282.5,195,290,767.5,Raw
M,44.5,88.5,,,,,Single-ply
F,21.5,72.3,205,90,185,480,Single-ply
M,,74.5,252.5,137.5,252.5,642.5,Single-ply
F,22.5,66.4,90,50,125,265,Raw
M,21,73.6,247.5,200,230,677.5,Single-ply
F,69.5,53.5,,37.5,,,Single-ply
F,30.5,42.9,122.5,65,150,337.5,Single-ply
F,19.5,43.3,135,72.5,150.5,358,Single-ply
M,37.5,99,335,,,,Single-ply
F,17.5,46.42,130,62.5,135,327.5,Single-ply
F,18.5,61.95,100,60,140,300,Raw
F,20.5,55.95,82.5,40,117.5,240,Raw
F,,75,155,77.5,167.5,400,Single-ply
F,39.5,56.94,200,127.5,175,502.5,Single-ply
M,28.5,72.39,,215,,,Single-ply
F,19.5,46.55,,70,,,Raw
M,27.5,58.75,240,152.5,245,637.5,Single-ply
M,22.5,92,,230,,,Single-ply
F,30.5,52,160,92.5,167.5,420,Single-ply
F,23.5,51.3,160,105,170,435,Single-ply
M,23.5,89.6,320,192.5,317.5,830,Single-ply
M,50.5,74,,145,,,Single-ply
F,24.5,82.7,240,132.5,250,622.5,Single-ply
M,22.5,67.2,220,142.5,225,587.5,Single-ply
M,15.5,65.55,,135,,,Single-ply
F,22.5,60.3,150,75,,,Single-ply
M,,67.2,220,125,242.5,587.5,Single-ply
F,18.5,57.4,127.5,57.5,145,330,Single-ply
M,70.5,72.16,,132.5,,,Single-ply
M,34.5,81.9,292.5,175,330,797.5,Single-ply
M,40.5,114.55,,240,,,Single-ply
M,60.5,99.3,197.5,142.5,240,580,Single-ply
M,30.5,90,320,205,310,835,Single-ply
M,41.5,89.8,,212.5,,,Single-ply
M,21.5,81.64,292.5,167.5,305,765,Single-ply
F,46,45.38,,80,,,Single-ply
F,39.5,47.8,,87.5,,,Single-ply
M,27.5,153.65,325,230,125,680,Raw
M,50.5,66.4,,130,,,Single-ply
M,52.5,74,,200,,,Single-ply
M,28.5,81.65,,180,,,Single-ply
F,23,51.2,,80,,,Single-ply
M,61,88.48,240,,237.5,,Single-ply
M,21.5,109.5,380,225,335,940,Single-ply
M,25.5,73.2,195,117.5,225,537.5,Raw
M,54.5,73.5,200,137.5,217.5,555,Single-ply
M,27.5,55.35,,135,,,Single-ply
M,22.5,82.5,252.5,175,282.5,710,Single-ply
F,53.5,68.2,145,80,160,385,Single-ply
F,20.5,81.55,252.5,120,210,582.5,Single-ply
F,20.5,59.16,95,55,130,280,Raw
M,60.5,103.15,250,125,210,585,Single-ply
M,43.5,130.8,365,250,297.5,912.5,Single-ply
F,17.5,66.45,92.5,80,100,272.5,Single-ply
M,21.5,87.6,272.5,175,245,692.5,Single-ply
M,20.5,74.7,220,145,255,620,Single-ply
F,65.5,61.47,102.5,65,115,282.5,Single-ply
M,47.5,92.41,272.5,182.5,260,715,Single-ply
M,42,92.8,252.5,252.5,242.5,747.5,Single-ply
M,17.5,65.15,172.5,110,192.5,475,Raw
F,76,54.28,,62.5,,,Single-ply
F,,67.5,165,85,162.5,412.5,Single-ply
F,40.5,59.5,182.5,132.5,172.5,487.5,Single-ply
M,39.5,119,270,162.5,265,697.5,Raw
M,40.5,92.5,305,210,325,840,Raw
F,,75,150,70,167.5,387.5,Single-ply
F,54.5,62.73,130,95.5,150,375.5,Raw
M,33.5,82.22,,195,,,Raw
F,49.5,82.4,,,,,Single-ply
F,17.5,45.02,85,50,105,240,Single-ply
F,21.5,45.14,127.5,52.5,140,320,Single-ply
F,24.5,67.5,175,75,187.5,437.5,Single-ply
F,30.5,56.53,145,75,130,350,Single-ply
M,17,91.2,,122.5,,,Raw
M,47,92,,205,,,Raw
M,51.5,95.18,,150,,,Single-ply
M,47.5,82.65,,232.5,,,Single-ply
F,,52,135,77.5,150,362.5,Single-ply
M,,73.25,220,155,240,615,Wraps
M,46,65.56,,192.5,,,Single-ply
